Workbook

Sheet Summary
A1: Algorithm | B1: RTW Fraction | C1: BV | D1: Coverage
A2: MemLess | B2: 0.1 | C2: 1940 | D2: 32.5
A3: Aging | B3: 0.1 | C3: 1940 | D3: 32.5
A4: DRR | B4: 0.1 | C4: 1940 | D4: 32.5
A5: RR | B5: 0.1 | C5: 312 | D5: 10
A6: WRR | B6: 0.1 | C6: 312 | D6: 10
A7: MemLess | B7: 0.2 | C7: 2575 | D7: 63.75
A8: Aging | B8: 0.2 | C8: 966 | D8: 58.75
A9: DRR | B9: 0.2 | C9: 1257 | D9: 62.5
A10: RR | B10: 0.2 | C10: 1099 | D10: 41.25
A11: WRR | B11: 0.2 | C11: 1099 | D11: 41.25
A12: MemLess | B12: 0.3 | C12: 2827 | D12: 88.75
A13: Aging | B13: 0.3 | C13: 2204 | D13: 37.5
... A41: WRR | B41: 0.8 | C41: 3098 | D41: 85

Sheet Visualizations

Sheet Avg_BV
A2: AvgBV = average of BV over the 8 RTW fractions. Source: Summary!C. Denominator = 8.
A4: Algorithm | B4: Avg BV | C4: # RTW fractions
A5: MemLess | B5: =AVERAGE(Summary!C2,Summary!C7,Summary!C12,Summary!C17,Summary!C22,Summary!C27,Summary!C32,Summary!C37) | C5: 8
A6: Aging | B6: =AVERAGE(Summary!C3,Summary!C8,Summary!C13,Summary!C18,Summary!C23,Summary!C28,Summary!C33,Summary!C38) | C6: 8
A7: DRR | B7: =AVERAGE(Summary!C4,Summary!C9,Summary!C14,Summary!C19,Summary!C24,Summary!C29,Summary!C34,Summary!C39) | C7: 8
A8: RR | B8: =AVERAGE(Summary!C5,Summary!C10,Summary!C15,Summary!C20,Summary!C25,Summary!C30,Summary!C35,Summary!C40) | C8: 8
A9: WRR | B9: =AVERAGE(Summary!C6,Summary!C11,Summary!C16,Summary!C21,Summary!C26,Summary!C31,Summary!C36,Summary!C41) | C9: 8

Sheet Avg_Coverage
A2: AvgCoverage = average of Coverage over the 8 RTW fractions. Source: Summary!D. Denominator = 8.
A4: Algorithm | B4: Avg Coverage (%) | C4: # RTW fractions
A5: MemLess | B5: =AVERAGE(Summary!D2,Summary!D7,Summary!D12,Summary!D17,Summary!D22,Summary!D27,Summary!D32,Summary!D37) | C5: 8
A6: Aging | B6: =AVERAGE(Summary!D3,Summary!D8,Summary!D13,Summary!D18,Summary!D23,Summary!D28,Summary!D33,Summary!D38) | C6: 8
A7: DRR | B7: =AVERAGE(Summary!D4,Summary!D9,Summary!D14,Summary!D19,Summary!D24,Summary!D29,Summary!D34,Summary!D39) | C7: 8
A8: RR | B8: =AVERAGE(Summary!D5,Summary!D10,Summary!D15,Summary!D20,Summary!D25,Summary!D30,Summary!D35,Summary!D40) | C8: 8
A9: WRR | B9: =AVERAGE(Summary!D6,Summary!D11,Summary!D16,Summary!D21,Summary!D26,Summary!D31,Summary!D36,Summary!D41) | C9: 8

Sheet BV_Loss_vs_MemLess
A2: BVLoss(alg, rtw) = (BV_MemLess − BV_alg)/BV_MemLess × 100. Last column = average across the 8 RTWs.
A4: Algorithm | B4: RTW=0.1 | C4: RTW=0.2 | D4: RTW=0.3 | E4: RTW=0.4 | F4: RTW=0.5 | G4: RTW=0.6 | H4: RTW=0.7 | I4: RTW=0.8 | J4: Avg BV Loss (%)
A5: Aging | B5: =IF(Summary!C2=0,0,(Summary!C2-Summary!C3)/Summary!C2*100) | C5: =IF(Summary!C7=0,0,(Summary!C7-Summary!C8)/Summary!C7*100) | D5: =IF(Summary!C12=0,0,(Summary!C12-Summary!C13)/Summary!C12*100) | E5: =IF(Summary!C17=0,0,(Summary!C17-Summary!C18)/Summary!C17*100) | F5: =IF(Summary!C22=0,0,(Summary!C22-Summary!C23)/Summary!C22*100) | G5: =IF(Summary!C27=0,0,(Summary!C27-Summary!C28)/Summary!C27*100) | H5: =IF(Summary!C32=0,0,(Summary!C32-Summary!C33)/Summary!C32*100) | I5: =IF(Summary!C37=0,0,(Summary!C37-Summary!C38)/Summary!C37*100) | J5: =AVERAGE(B5:I5)
A6: DRR | B6: =IF(Summary!C2=0,0,(Summary!C2-Summary!C4)/Summary!C2*100) | C6: =IF(Summary!C7=0,0,(Summary!C7-Summary!C9)/Summary!C7*100) | D6: =IF(Summary!C12=0,0,(Summary!C12-Summary!C14)/Summary!C12*100) | E6: =IF(Summary!C17=0,0,(Summary!C17-Summary!C19)/Summary!C17*100) | F6: =IF(Summary!C22=0,0,(Summary!C22-Summary!C24)/Summary!C22*100) | G6: =IF(Summary!C27=0,0,(Summary!C27-Summary!C29)/Summary!C27*100) | H6: =IF(Summary!C32=0,0,(Summary!C32-Summary!C34)/Summary!C32*100) | I6: =IF(Summary!C37=0,0,(Summary!C37-Summary!C39)/Summary!C37*100) | J6: =AVERAGE(B6:I6)
A7: RR | B7: =IF(Summary!C2=0,0,(Summary!C2-Summary!C5)/Summary!C2*100) | C7: =IF(Summary!C7=0,0,(Summary!C7-Summary!C10)/Summary!C7*100) | D7: =IF(Summary!C12=0,0,(Summary!C12-Summary!C15)/Summary!C12*100) | E7: =IF(Summary!C17=0,0,(Summary!C17-Summary!C20)/Summary!C17*100) | F7: =IF(Summary!C22=0,0,(Summary!C22-Summary!C25)/Summary!C22*100) | G7: =IF(Summary!C27=0,0,(Summary!C27-Summary!C30)/Summary!C27*100) | H7: =IF(Summary!C32=0,0,(Summary!C32-Summary!C35)/Summary!C32*100) | I7: =IF(Summary!C37=0,0,(Summary!C37-Summary!C40)/Summary!C37*100) | J7: =AVERAGE(B7:I7)
A8: WRR | B8: =IF(Summary!C2=0,0,(Summary!C2-Summary!C6)/Summary!C2*100) | C8: =IF(Summary!C7=0,0,(Summary!C7-Summary!C11)/Summary!C7*100) | D8: =IF(Summary!C12=0,0,(Summary!C12-Summary!C16)/Summary!C12*100) | E8: =IF(Summary!C17=0,0,(Summary!C17-Summary!C21)/Summary!C17*100) | F8: =IF(Summary!C22=0,0,(Summary!C22-Summary!C26)/Summary!C22*100) | G8: =IF(Summary!C27=0,0,(Summary!C27-Summary!C31)/Summary!C27*100) | H8: =IF(Summary!C32=0,0,(Summary!C32-Summary!C36)/Summary!C32*100) | I8: =IF(Summary!C37=0,0,(Summary!C37-Summary!C41)/Summary!C37*100) | J8: =AVERAGE(B8:I8)

Sheet Coverage_Gap_vs_MemLess
A2: CoverageGap(alg, rtw) = Coverage_MemLess − Coverage_alg (pp). Last column = average across the 8 RTWs.
A4: Algorithm | B4: RTW=0.1 | C4: RTW=0.2 | D4: RTW=0.3 | E4: RTW=0.4 | F4: RTW=0.5 | G4: RTW=0.6 | H4: RTW=0.7 | I4: RTW=0.8 | J4: Avg Coverage Gap (pp)
A5: Aging | B5: =Summary!D2-Summary!D3 | C5: =Summary!D7-Summary!D8 | D5: =Summary!D12-Summary!D13 | E5: =Summary!D17-Summary!D18 | F5: =Summary!D22-Summary!D23 | G5: =Summary!D27-Summary!D28 | H5: =Summary!D32-Summary!D33 | I5: =Summary!D37-Summary!D38 | J5: =AVERAGE(B5:I5)
A6: DRR | B6: =Summary!D2-Summary!D4 | C6: =Summary!D7-Summary!D9 | D6: =Summary!D12-Summary!D14 | E6: =Summary!D17-Summary!D19 | F6: =Summary!D22-Summary!D24 | G6: =Summary!D27-Summary!D29 | H6: =Summary!D32-Summary!D34 | I6: =Summary!D37-Summary!D39 | J6: =AVERAGE(B6:I6)
A7: RR | B7: =Summary!D2-Summary!D5 | C7: =Summary!D7-Summary!D10 | D7: =Summary!D12-Summary!D15 | E7: =Summary!D17-Summary!D20 | F7: =Summary!D22-Summary!D25 | G7: =Summary!D27-Summary!D30 | H7: =Summary!D32-Summary!D35 | I7: =Summary!D37-Summary!D40 | J7: =AVERAGE(B7:I7)
A8: WRR | B8: =Summary!D2-Summary!D6 | C8: =Summary!D7-Summary!D11 | D8: =Summary!D12-Summary!D16 | E8: =Summary!D17-Summary!D21 | F8: =Summary!D22-Summary!D26 | G8: =Summary!D27-Summary!D31 | H8: =Summary!D32-Summary!D36 | I8: =Summary!D37-Summary!D41 | J8: =AVERAGE(B8:I8)

Sheet Avg_Skipped_per_RTW
A2: AvgSkipped(A, r) = AVERAGE of Wait_Req_A column for r over rows 2..249. Denominator = 248.
A4: Algorithm | B4: RTW=0.1 | C4: RTW=0.2 | D4: RTW=0.3 | E4: RTW=0.4 | F4: RTW=0.5 | G4: RTW=0.6 | H4: RTW=0.7 | I4: RTW=0.8 | J4: Row Avg across RTWs
A5: MemLess | B5: =AVERAGE('Wait_Req_MemLess'!B2:B249) | C5: =AVERAGE('Wait_Req_MemLess'!C2:C249) | D5: =AVERAGE('Wait_Req_MemLess'!D2:D249) | E5: =AVERAGE('Wait_Req_MemLess'!E2:E249) | F5: =AVERAGE('Wait_Req_MemLess'!F2:F249) | G5: =AVERAGE('Wait_Req_MemLess'!G2:G249) | H5: =AVERAGE('Wait_Req_MemLess'!H2:H249) | I5: =AVERAGE('Wait_Req_MemLess'!I2:I249) | J5: =AVERAGE(B5:I5)
A6: Aging | B6: =AVERAGE('Wait_Req_Aging'!B2:B249) | C6: =AVERAGE('Wait_Req_Aging'!C2:C249) | D6: =AVERAGE('Wait_Req_Aging'!D2:D249) | E6: =AVERAGE('Wait_Req_Aging'!E2:E249) | F6: =AVERAGE('Wait_Req_Aging'!F2:F249) | G6: =AVERAGE('Wait_Req_Aging'!G2:G249) | H6: =AVERAGE('Wait_Req_Aging'!H2:H249) | I6: =AVERAGE('Wait_Req_Aging'!I2:I249) | J6: =AVERAGE(B6:I6)
A7: DRR | B7: =AVERAGE('Wait_Req_DRR'!B2:B249) | C7: =AVERAGE('Wait_Req_DRR'!C2:C249) | D7: =AVERAGE('Wait_Req_DRR'!D2:D249) | E7: =AVERAGE('Wait_Req_DRR'!E2:E249) | F7: =AVERAGE('Wait_Req_DRR'!F2:F249) | G7: =AVERAGE('Wait_Req_DRR'!G2:G249) | H7: =AVERAGE('Wait_Req_DRR'!H2:H249) | I7: =AVERAGE('Wait_Req_DRR'!I2:I249) | J7: =AVERAGE(B7:I7)
A8: RR | B8: =AVERAGE('Wait_Req_RR'!B2:B249) | C8: =AVERAGE('Wait_Req_RR'!C2:C249) | D8: =AVERAGE('Wait_Req_RR'!D2:D249) | E8: =AVERAGE('Wait_Req_RR'!E2:E249) | F8: =AVERAGE('Wait_Req_RR'!F2:F249) | G8: =AVERAGE('Wait_Req_RR'!G2:G249) | H8: =AVERAGE('Wait_Req_RR'!H2:H249) | I8: =AVERAGE('Wait_Req_RR'!I2:I249) | J8: =AVERAGE(B8:I8)
A9: WRR | B9: =AVERAGE('Wait_Req_WRR'!B2:B249) | C9: =AVERAGE('Wait_Req_WRR'!C2:C249) | D9: =AVERAGE('Wait_Req_WRR'!D2:D249) | E9: =AVERAGE('Wait_Req_WRR'!E2:E249) | F9: =AVERAGE('Wait_Req_WRR'!F2:F249) | G9: =AVERAGE('Wait_Req_WRR'!G2:G249) | H9: =AVERAGE('Wait_Req_WRR'!H2:H249) | I9: =AVERAGE('Wait_Req_WRR'!I2:I249) | J9: =AVERAGE(B9:I9)

Sheet Sel_Req_MemLess
A1: Req_ID | B1: 0.1 | C1: 0.2 | D1: 0.3 | E1: 0.4 | F1: 0.5 | G1: 0.6 | H1: 0.7 | I1: 0.8
A2: 1 | B2: 0 | C2: 0 | D2: 1 | E2: 1 | F2: 1 | G2: 1 | H2: 1 | I2: 1
A3: 2 | B3: 0 | C3: 0 | D3: 1 | E3: 1 | F3: 1 | G3: 1 | H3: 1 | I3: 1
A4: 3 | B4: 1 | C4: 1 | D4: 1 | E4: 1 | F4: 1 | G4: 1 | H4: 1 | I4: 1
A5: 4 | B5: 0 | C5: 0 | D5: 0 | E5: 0 | F5: 0 | G5: 0 | H5: 1 | I5: 1
A6: 5 | B6: 0 | C6: 0 | D6: 1 | E6: 1 | F6: 1 | G6: 1 | H6: 1 | I6: 1
A7: 6 | B7: 1 | C7: 1 | D7: 1 | E7: 1 | F7: 1 | G7: 1 | H7: 1 | I7: 1
A8: 7 | B8: 0 | C8: 0 | D8: 1 | E8: 1 | F8: 1 | G8: 1 | H8: 1 | I8: 1
A9: 8 | B9: 0 | C9: 0 | D9: 1 | E9: 1 | F9: 1 | G9: 1 | H9: 1 | I9: 1
A10: 9 | B10: 0 | C10: 1 | D10: 1 | E10: 1 | F10: 1 | G10: 1 | H10: 1 | I10: 1
A11: 10 | B11: 0 | C11: 0 | D11: 1 | E11: 1 | F11: 1 | G11: 1 | H11: 1 | I11: 1
A12: 11 | B12: 0 | C12: 1 | D12: 1 | E12: 1 | F12: 1 | G12: 1 | H12: 1 | I12: 1
A13: 12 | B13: 0 | C13: 1 | D13: 1 | E13: 1 | F13: 1 | G13: 1 | H13: 1 | I13: 1
... A249: 248 | B249: 0 | C249: 1 | D249: 1 | E249: 1 | F249: 1 | G249: 1 | H249: 1 | I249: 1

Sheet Wait_Req_MemLess
A1: Req_ID | B1: 0.1 | C1: 0.2 | D1: 0.3 | E1: 0.4 | F1: 0.5 | G1: 0.6 | H1: 0.7 | I1: 0.8
A2: 1 | B2: 0 | C2: 1 | D2: 2 | E2: 0 | F2: 0 | G2: 0 | H2: 0 | I2: 0
A3: 2 | B3: 0 | C3: 1 | D3: 2 | E3: 0 | F3: 0 | G3: 0 | H3: 0 | I3: 0
A4: 3 | B4: 0 | C4: 0 | D4: 0 | E4: 0 | F4: 0 | G4: 0 | H4: 0 | I4: 0
A5: 4 | B5: 0 | C5: 1 | D5: 2 | E5: 3 | F5: 4 | G5: 5 | H5: 6 | I5: 0
A6: 5 | B6: 0 | C6: 1 | D6: 2 | E6: 0 | F6: 0 | G6: 0 | H6: 0 | I6: 0
A7: 6 | B7: 0 | C7: 0 | D7: 0 | E7: 0 | F7: 0 | G7: 0 | H7: 0 | I7: 0
A8: 7 | B8: 0 | C8: 1 | D8: 2 | E8: 0 | F8: 0 | G8: 0 | H8: 0 | I8: 0
A9: 8 | B9: 0 | C9: 1 | D9: 2 | E9: 0 | F9: 0 | G9: 0 | H9: 0 | I9: 0
A10: 9 | B10: 0 | C10: 1 | D10: 0 | E10: 0 | F10: 0 | G10: 0 | H10: 0 | I10: 0
A11: 10 | B11: 0 | C11: 1 | D11: 2 | E11: 0 | F11: 0 | G11: 0 | H11: 0 | I11: 0
A12: 11 | B12: 0 | C12: 1 | D12: 0 | E12: 0 | F12: 0 | G12: 0 | H12: 0 | I12: 0
A13: 12 | B13: 0 | C13: 1 | D13: 0 | E13: 0 | F13: 0 | G13: 0 | H13: 0 | I13: 0
... A249: 248 | B249: 0 | C249: 1 | D249: 0 | E249: 0 | F249: 0 | G249: 0 | H249: 0 | I249: 0

Sheet Sel_Test_MemLess
A1: Test_ID | B1: 0.1 | C1: 0.2 | D1: 0.3 | E1: 0.4 | F1: 0.5 | G1: 0.6 | H1: 0.7 | I1: 0.8
A2: 1 | B2: 1 | C2: 1 | D2: 1 | E2: 1 | F2: 1 | G2: 1 | H2: 1 | I2: 1
A3: 2 | B3: 0 | C3: 1 | D3: 1 | E3: 1 | F3: 1 | G3: 1 | H3: 1 | I3: 1
A4: 3 | B4: 0 | C4: 1 | D4: 1 | E4: 1 | F4: 1 | G4: 1 | H4: 1 | I4: 1
A5: 4 | B5: 0 | C5: 1 | D5: 1 | E5: 1 | F5: 1 | G5: 1 | H5: 1 | I5: 1
A6: 5 | B6: 0 | C6: 0 | D6: 0 | E6: 0 | F6: 0 | G6: 0 | H6: 1 | I6: 1
A7: 6 | B7: 1 | C7: 1 | D7: 1 | E7: 1 | F7: 1 | G7: 1 | H7: 1 | I7: 1
A8: 7 | B8: 0 | C8: 0 | D8: 0 | E8: 1 | F8: 1 | G8: 1 | H8: 1 | I8: 1
A9: 8 | B9: 0 | C9: 0 | D9: 1 | E9: 1 | F9: 1 | G9: 1 | H9: 1 | I9: 1
A10: 9 | B10: 1 | C10: 1 | D10: 1 | E10: 1 | F10: 1 | G10: 1 | H10: 1 | I10: 1
A11: 10 | B11: 1 | C11: 1 | D11: 1 | E11: 1 | F11: 1 | G11: 1 | H11: 1 | I11: 1
A12: 11 | B12: 0 | C12: 0 | D12: 0 | E12: 0 | F12: 0 | G12: 0 | H12: 0 | I12: 0
A13: 12 | B13: 0 | C13: 0 | D13: 1 | E13: 1 | F13: 1 | G13: 1 | H13: 1 | I13: 1
... A81: 80 | B81: 0 | C81: 1 | D81: 1 | E81: 1 | F81: 1 | G81: 1 | H81: 1 | I81: 1

Sheet Wait_Test_MemLess
A1: Test_ID | B1: 0.1 | C1: 0.2 | D1: 0.3 | E1: 0.4 | F1: 0.5 | G1: 0.6 | H1: 0.7 | I1: 0.8
A2: 1 | B2: 0 | C2: 0 | D2: 0 | E2: 0 | F2: 0 | G2: 0 | H2: 0 | I2: 0
A3: 2 | B3: 0 | C3: 1 | D3: 0 | E3: 0 | F3: 0 | G3: 0 | H3: 0 | I3: 0
A4: 3 | B4: 0 | C4: 1 | D4: 0 | E4: 0 | F4: 0 | G4: 0 | H4: 0 | I4: 0
A5: 4 | B5: 0 | C5: 1 | D5: 0 | E5: 0 | F5: 0 | G5: 0 | H5: 0 | I5: 0
A6: 5 | B6: 0 | C6: 1 | D6: 2 | E6: 3 | F6: 4 | G6: 5 | H6: 6 | I6: 0
A7: 6 | B7: 0 | C7: 0 | D7: 0 | E7: 0 | F7: 0 | G7: 0 | H7: 0 | I7: 0
A8: 7 | B8: 0 | C8: 1 | D8: 2 | E8: 3 | F8: 0 | G8: 0 | H8: 0 | I8: 0
A9: 8 | B9: 0 | C9: 1 | D9: 2 | E9: 0 | F9: 0 | G9: 0 | H9: 0 | I9: 0
A10: 9 | B10: 0 | C10: 0 | D10: 0 | E10: 0 | F10: 0 | G10: 0 | H10: 0 | I10: 0
A11: 10 | B11: 0 | C11: 0 | D11: 0 | E11: 0 | F11: 0 | G11: 0 | H11: 0 | I11: 0
A12: 11 | B12: 0 | C12: 1 | D12: 2 | E12: 3 | F12: 4 | G12: 5 | H12: 6 | I12: 7
A13: 12 | B13: 0 | C13: 1 | D13: 2 | E13: 0 | F13: 0 | G13: 0 | H13: 0 | I13: 0
... A81: 80 | B81: 0 | C81: 1 | D81: 0 | E81: 0 | F81: 0 | G81: 0 | H81: 0 | I81: 0

Sheet Sel_Req_Aging
A1: Req_ID | B1: 0.1 | C1: 0.2 | D1: 0.3 | E1: 0.4 | F1: 0.5 | G1: 0.6 | H1: 0.7 | I1: 0.8
A2: 1 | B2: 0 | C2: 1 | D2: 0 | E2: 1 | F2: 0 | G2: 1 | H2: 0 | I2: 1
A3: 2 | B3: 0 | C3: 1 | D3: 0 | E3: 1 | F3: 0 | G3: 1 | H3: 0 | I3: 1
A4: 3 | B4: 1 | C4: 0 | D4: 1 | E4: 0 | F4: 1 | G4: 0 | H4: 1 | I4: 0
A5: 4 | B5: 0 | C5: 0 | D5: 1 | E5: 0 | F5: 0 | G5: 1 | H5: 0 | I5: 1
A6: 5 | B6: 0 | C6: 1 | D6: 0 | E6: 1 | F6: 0 | G6: 1 | H6: 0 | I6: 1
A7: 6 | B7: 1 | C7: 1 | D7: 0 | E7: 1 | F7: 0 | G7: 1 | H7: 0 | I7: 1
A8: 7 | B8: 0 | C8: 1 | D8: 0 | E8: 1 | F8: 0 | G8: 1 | H8: 0 | I8: 1
A9: 8 | B9: 0 | C9: 1 | D9: 0 | E9: 1 | F9: 0 | G9: 1 | H9: 0 | I9: 1
A10: 9 | B10: 0 | C10: 1 | D10: 0 | E10: 1 | F10: 0 | G10: 1 | H10: 0 | I10: 1
A11: 10 | B11: 0 | C11: 1 | D11: 0 | E11: 1 | F11: 0 | G11: 1 | H11: 0 | I11: 1
A12: 11 | B12: 0 | C12: 1 | D12: 0 | E12: 1 | F12: 0 | G12: 1 | H12: 0 | I12: 1
A13: 12 | B13: 0 | C13: 1 | D13: 0 | E13: 1 | F13: 0 | G13: 1 | H13: 0 | I13: 1
... A249: 248 | B249: 0 | C249: 1 | D249: 0 | E249: 1 | F249: 0 | G249: 1 | H249: 0 | I249: 1

Sheet Wait_Req_Aging
A1: Req_ID | B1: 0.1 | C1: 0.2 | D1: 0.3 | E1: 0.4 | F1: 0.5 | G1: 0.6 | H1: 0.7 | I1: 0.8
A2: 1 | B2: 0 | C2: 1 | D2: 0 | E2: 1 | F2: 0 | G2: 1 | H2: 0 | I2: 1
A3: 2 | B3: 0 | C3: 1 | D3: 0 | E3: 1 | F3: 0 | G3: 1 | H3: 0 | I3: 1
A4: 3 | B4: 0 | C4: 0 | D4: 1 | E4: 0 | F4: 1 | G4: 0 | H4: 1 | I4: 0
A5: 4 | B5: 0 | C5: 1 | D5: 2 | E5: 0 | F5: 1 | G5: 2 | H5: 0 | I5: 1
A6: 5 | B6: 0 | C6: 1 | D6: 0 | E6: 1 | F6: 0 | G6: 1 | H6: 0 | I6: 1
A7: 6 | B7: 0 | C7: 0 | D7: 0 | E7: 1 | F7: 0 | G7: 1 | H7: 0 | I7: 1
A8: 7 | B8: 0 | C8: 1 | D8: 0 | E8: 1 | F8: 0 | G8: 1 | H8: 0 | I8: 1
A9: 8 | B9: 0 | C9: 1 | D9: 0 | E9: 1 | F9: 0 | G9: 1 | H9: 0 | I9: 1
A10: 9 | B10: 0 | C10: 1 | D10: 0 | E10: 1 | F10: 0 | G10: 1 | H10: 0 | I10: 1
A11: 10 | B11: 0 | C11: 1 | D11: 0 | E11: 1 | F11: 0 | G11: 1 | H11: 0 | I11: 1
A12: 11 | B12: 0 | C12: 1 | D12: 0 | E12: 1 | F12: 0 | G12: 1 | H12: 0 | I12: 1
A13: 12 | B13: 0 | C13: 1 | D13: 0 | E13: 1 | F13: 0 | G13: 1 | H13: 0 | I13: 1
... A249: 248 | B249: 0 | C249: 1 | D249: 0 | E249: 1 | F249: 0 | G249: 1 | H249: 0 | I249: 1

Sheet Sel_Test_Aging
A1: Test_ID | B1: 0.1 | C1: 0.2 | D1: 0.3 | E1: 0.4 | F1: 0.5 | G1: 0.6 | H1: 0.7 | I1: 0.8
A2: 1 | B2: 1 | C2: 0 | D2: 1 | E2: 0 | F2: 1 | G2: 0 | H2: 1 | I2: 0
A3: 2 | B3: 0 | C3: 1 | D3: 0 | E3: 1 | F3: 0 | G3: 1 | H3: 0 | I3: 1
A4: 3 | B4: 0 | C4: 1 | D4: 0 | E4: 1 | F4: 1 | G4: 0 | H4: 1 | I4: 0
A5: 4 | B5: 0 | C5: 1 | D5: 0 | E5: 1 | F5: 0 | G5: 1 | H5: 0 | I5: 1
A6: 5 | B6: 0 | C6: 0 | D6: 1 | E6: 0 | F6: 0 | G6: 1 | H6: 0 | I6: 1
A7: 6 | B7: 1 | C7: 0 | D7: 1 | E7: 0 | F7: 1 | G7: 0 | H7: 1 | I7: 0
A8: 7 | B8: 0 | C8: 0 | D8: 1 | E8: 0 | F8: 1 | G8: 0 | H8: 1 | I8: 0
A9: 8 | B9: 0 | C9: 1 | D9: 0 | E9: 1 | F9: 0 | G9: 1 | H9: 0 | I9: 1
A10: 9 | B10: 1 | C10: 0 | D10: 1 | E10: 0 | F10: 1 | G10: 0 | H10: 1 | I10: 0
A11: 10 | B11: 1 | C11: 0 | D11: 1 | E11: 0 | F11: 1 | G11: 0 | H11: 1 | I11: 0
A12: 11 | B12: 0 | C12: 0 | D12: 0 | E12: 0 | F12: 1 | G12: 1 | H12: 1 | I12: 1
A13: 12 | B13: 0 | C13: 1 | D13: 0 | E13: 1 | F13: 0 | G13: 1 | H13: 0 | I13: 1
... A81: 80 | B81: 0 | C81: 1 | D81: 0 | E81: 1 | F81: 0 | G81: 1 | H81: 0 | I81: 1

Sheet Wait_Test_Aging
A1: Test_ID | B1: 0.1 | C1: 0.2 | D1: 0.3 | E1: 0.4 | F1: 0.5 | G1: 0.6 | H1: 0.7 | I1: 0.8
A2: 1 | B2: 0 | C2: 0 | D2: 1 | E2: 0 | F2: 1 | G2: 0 | H2: 1 | I2: 0
A3: 2 | B3: 0 | C3: 1 | D3: 0 | E3: 1 | F3: 0 | G3: 1 | H3: 0 | I3: 1
A4: 3 | B4: 0 | C4: 1 | D4: 0 | E4: 1 | F4: 0 | G4: 0 | H4: 1 | I4: 0
A5: 4 | B5: 0 | C5: 1 | D5: 0 | E5: 1 | F5: 0 | G5: 1 | H5: 0 | I5: 1
A6: 5 | B6: 0 | C6: 1 | D6: 2 | E6: 0 | F6: 1 | G6: 2 | H6: 0 | I6: 1
A7: 6 | B7: 0 | C7: 0 | D7: 1 | E7: 0 | F7: 1 | G7: 0 | H7: 1 | I7: 0
A8: 7 | B8: 0 | C8: 1 | D8: 2 | E8: 0 | F8: 1 | G8: 0 | H8: 1 | I8: 0
A9: 8 | B9: 0 | C9: 1 | D9: 0 | E9: 1 | F9: 0 | G9: 1 | H9: 0 | I9: 1
A10: 9 | B10: 0 | C10: 0 | D10: 1 | E10: 0 | F10: 1 | G10: 0 | H10: 1 | I10: 0
A11: 10 | B11: 0 | C11: 0 | D11: 1 | E11: 0 | F11: 1 | G11: 0 | H11: 1 | I11: 0
A12: 11 | B12: 0 | C12: 1 | D12: 2 | E12: 3 | F12: 4 | G12: 0 | H12: 0 | I12: 0
A13: 12 | B13: 0 | C13: 1 | D13: 0 | E13: 1 | F13: 0 | G13: 1 | H13: 0 | I13: 1
... A81: 80 | B81: 0 | C81: 1 | D81: 0 | E81: 1 | F81: 0 | G81: 1 | H81: 0 | I81: 1

Sheet Sel_Req_DRR
A1: Req_ID | B1: 0.1 | C1: 0.2 | D1: 0.3 | E1: 0.4 | F1: 0.5 | G1: 0.6 | H1: 0.7 | I1: 0.8
A2: 1 | B2: 0 | C2: 1 | D2: 0 | E2: 0 | F2: 0 | G2: 1 | H2: 1 | I2: 1
A3: 2 | B3: 0 | C3: 1 | D3: 0 | E3: 0 | F3: 0 | G3: 1 | H3: 1 | I3: 1
A4: 3 | B4: 1 | C4: 0 | D4: 1 | E4: 1 | F4: 1 | G4: 1 | H4: 1 | I4: 1
A5: 4 | B5: 0 | C5: 0 | D5: 1 | E5: 0 | F5: 1 | G5: 0 | H5: 1 | I5: 1
A6: 5 | B6: 0 | C6: 1 | D6: 0 | E6: 0 | F6: 0 | G6: 1 | H6: 1 | I6: 1
A7: 6 | B7: 1 | C7: 1 | D7: 1 | E7: 1 | F7: 1 | G7: 1 | H7: 1 | I7: 1
A8: 7 | B8: 0 | C8: 1 | D8: 0 | E8: 0 | F8: 0 | G8: 1 | H8: 1 | I8: 1
A9: 8 | B9: 0 | C9: 1 | D9: 0 | E9: 0 | F9: 0 | G9: 1 | H9: 1 | I9: 1
A10: 9 | B10: 0 | C10: 1 | D10: 0 | E10: 0 | F10: 0 | G10: 1 | H10: 1 | I10: 1
A11: 10 | B11: 0 | C11: 1 | D11: 0 | E11: 0 | F11: 0 | G11: 1 | H11: 1 | I11: 1
A12: 11 | B12: 0 | C12: 1 | D12: 0 | E12: 0 | F12: 0 | G12: 1 | H12: 1 | I12: 1
A13: 12 | B13: 0 | C13: 1 | D13: 0 | E13: 0 | F13: 0 | G13: 1 | H13: 1 | I13: 1
... A249: 248 | B249: 0 | C249: 1 | D249: 0 | E249: 0 | F249: 0 | G249: 1 | H249: 1 | I249: 1

Sheet Wait_Req_DRR
A1: Req_ID | B1: 0.1 | C1: 0.2 | D1: 0.3 | E1: 0.4 | F1: 0.5 | G1: 0.6 | H1: 0.7 | I1: 0.8
A2: 1 | B2: 0 | C2: 1 | D2: 0 | E2: 1 | F2: 2 | G2: 3 | H2: 0 | I2: 0
A3: 2 | B3: 0 | C3: 1 | D3: 0 | E3: 1 | F3: 2 | G3: 3 | H3: 0 | I3: 0
A4: 3 | B4: 0 | C4: 0 | D4: 1 | E4: 0 | F4: 0 | G4: 0 | H4: 0 | I4: 0
A5: 4 | B5: 0 | C5: 1 | D5: 2 | E5: 0 | F5: 1 | G5: 0 | H5: 1 | I5: 0
A6: 5 | B6: 0 | C6: 1 | D6: 0 | E6: 1 | F6: 2 | G6: 3 | H6: 0 | I6: 0
A7: 6 | B7: 0 | C7: 0 | D7: 0 | E7: 0 | F7: 0 | G7: 0 | H7: 0 | I7: 0
A8: 7 | B8: 0 | C8: 1 | D8: 0 | E8: 1 | F8: 2 | G8: 3 | H8: 0 | I8: 0
A9: 8 | B9: 0 | C9: 1 | D9: 0 | E9: 1 | F9: 2 | G9: 3 | H9: 0 | I9: 0
A10: 9 | B10: 0 | C10: 1 | D10: 0 | E10: 1 | F10: 2 | G10: 3 | H10: 0 | I10: 0
A11: 10 | B11: 0 | C11: 1 | D11: 0 | E11: 1 | F11: 2 | G11: 3 | H11: 0 | I11: 0
A12: 11 | B12: 0 | C12: 1 | D12: 0 | E12: 1 | F12: 2 | G12: 3 | H12: 0 | I12: 0
A13: 12 | B13: 0 | C13: 1 | D13: 0 | E13: 1 | F13: 2 | G13: 3 | H13: 0 | I13: 0
... A249: 248 | B249: 0 | C249: 1 | D249: 0 | E249: 1 | F249: 2 | G249: 3 | H249: 0 | I249: 0

Sheet Sel_Test_DRR
A1: Test_ID | B1: 0.1 | C1: 0.2 | D1: 0.3 | E1: 0.4 | F1: 0.5 | G1: 0.6 | H1: 0.7 | I1: 0.8
A2: 1 | B2: 1 | C2: 0 | D2: 0 | E2: 1 | F2: 1 | G2: 1 | H2: 1 | I2: 1
A3: 2 | B3: 0 | C3: 1 | D3: 0 | E3: 0 | F3: 0 | G3: 1 | H3: 1 | I3: 1
A4: 3 | B4: 0 | C4: 1 | D4: 0 | E4: 0 | F4: 1 | G4: 1 | H4: 1 | I4: 1
A5: 4 | B5: 0 | C5: 1 | D5: 0 | E5: 0 | F5: 0 | G5: 1 | H5: 1 | I5: 1
A6: 5 | B6: 0 | C6: 0 | D6: 1 | E6: 0 | F6: 1 | G6: 0 | H6: 1 | I6: 1
A7: 6 | B7: 1 | C7: 0 | D7: 0 | E7: 0 | F7: 1 | G7: 1 | H7: 1 | I7: 1
A8: 7 | B8: 0 | C8: 0 | D8: 1 | E8: 0 | F8: 0 | G8: 1 | H8: 1 | I8: 1
A9: 8 | B9: 0 | C9: 1 | D9: 0 | E9: 0 | F9: 0 | G9: 1 | H9: 1 | I9: 1
A10: 9 | B10: 1 | C10: 0 | D10: 0 | E10: 0 | F10: 1 | G10: 1 | H10: 1 | I10: 1
A11: 10 | B11: 1 | C11: 0 | D11: 1 | E11: 1 | F11: 1 | G11: 1 | H11: 1 | I11: 1
A12: 11 | B12: 0 | C12: 0 | D12: 0 | E12: 0 | F12: 1 | G12: 0 | H12: 0 | I12: 0
A13: 12 | B13: 0 | C13: 1 | D13: 0 | E13: 0 | F13: 0 | G13: 1 | H13: 1 | I13: 1
... A81: 80 | B81: 0 | C81: 1 | D81: 0 | E81: 1 | F81: 0 | G81: 1 | H81: 1 | I81: 1

Sheet Wait_Test_DRR
A1: Test_ID | B1: 0.1 | C1: 0.2 | D1: 0.3 | E1: 0.4 | F1: 0.5 | G1: 0.6 | H1: 0.7 | I1: 0.8
A2: 1 | B2: 0 | C2: 0 | D2: 1 | E2: 2 | F2: 0 | G2: 0 | H2: 0 | I2: 0
A3: 2 | B3: 0 | C3: 1 | D3: 0 | E3: 1 | F3: 2 | G3: 3 | H3: 0 | I3: 0
A4: 3 | B4: 0 | C4: 1 | D4: 0 | E4: 1 | F4: 2 | G4: 0 | H4: 0 | I4: 0
A5: 4 | B5: 0 | C5: 1 | D5: 0 | E5: 1 | F5: 2 | G5: 3 | H5: 0 | I5: 0
A6: 5 | B6: 0 | C6: 1 | D6: 2 | E6: 0 | F6: 1 | G6: 0 | H6: 1 | I6: 0
A7: 6 | B7: 0 | C7: 0 | D7: 1 | E7: 2 | F7: 3 | G7: 0 | H7: 0 | I7: 0
A8: 7 | B8: 0 | C8: 1 | D8: 2 | E8: 0 | F8: 1 | G8: 2 | H8: 0 | I8: 0
A9: 8 | B9: 0 | C9: 1 | D9: 0 | E9: 1 | F9: 2 | G9: 3 | H9: 0 | I9: 0
A10: 9 | B10: 0 | C10: 0 | D10: 1 | E10: 2 | F10: 3 | G10: 0 | H10: 0 | I10: 0
A11: 10 | B11: 0 | C11: 0 | D11: 1 | E11: 0 | F11: 0 | G11: 0 | H11: 0 | I11: 0
A12: 11 | B12: 0 | C12: 1 | D12: 2 | E12: 3 | F12: 4 | G12: 0 | H12: 1 | I12: 2
A13: 12 | B13: 0 | C13: 1 | D13: 0 | E13: 1 | F13: 2 | G13: 3 | H13: 0 | I13: 0
... A81: 80 | B81: 0 | C81: 1 | D81: 0 | E81: 1 | F81: 0 | G81: 1 | H81: 0 | I81: 0

Sheet Sel_Req_RR
A1: Req_ID | B1: 0.1 | C1: 0.2 | D1: 0.3 | E1: 0.4 | F1: 0.5 | G1: 0.6 | H1: 0.7 | I1: 0.8
A2: 1 | B2: 1 | C2: 0 | D2: 0 | E2: 0 | F2: 0 | G2: 0 | H2: 0 | I2: 0
A3: 2 | B3: 1 | C3: 0 | D3: 0 | E3: 0 | F3: 0 | G3: 0 | H3: 0 | I3: 0
A4: 3 | B4: 1 | C4: 1 | D4: 0 | E4: 0 | F4: 0 | G4: 1 | H4: 1 | I4: 1
A5: 4 | B5: 1 | C5: 1 | D5: 0 | E5: 0 | F5: 0 | G5: 1 | H5: 1 | I5: 1
A6: 5 | B6: 1 | C6: 1 | D6: 1 | E6: 0 | F6: 0 | G6: 0 | H6: 0 | I6: 0
A7: 6 | B7: 1 | C7: 1 | D7: 1 | E7: 0 | F7: 0 | G7: 1 | H7: 1 | I7: 1
A8: 7 | B8: 1 | C8: 1 | D8: 1 | E8: 1 | F8: 0 | G8: 0 | H8: 0 | I8: 0
A9: 8 | B9: 0 | C9: 1 | D9: 1 | E9: 1 | F9: 0 | G9: 0 | H9: 0 | I9: 0
A10: 9 | B10: 0 | C10: 1 | D10: 1 | E10: 1 | F10: 1 | G10: 0 | H10: 0 | I10: 0
A11: 10 | B11: 0 | C11: 1 | D11: 1 | E11: 1 | F11: 1 | G11: 0 | H11: 0 | I11: 0
A12: 11 | B12: 0 | C12: 1 | D12: 1 | E12: 1 | F12: 1 | G12: 1 | H12: 0 | I12: 0
A13: 12 | B13: 0 | C13: 1 | D13: 1 | E13: 1 | F13: 1 | G13: 1 | H13: 0 | I13: 0
... A249: 248 | B249: 0 | C249: 1 | D249: 1 | E249: 1 | F249: 1 | G249: 1 | H249: 0 | I249: 0

Sheet Wait_Req_RR
A1: Req_ID | B1: 0.1 | C1: 0.2 | D1: 0.3 | E1: 0.4 | F1: 0.5 | G1: 0.6 | H1: 0.7 | I1: 0.8
A2: 1 | B2: 0 | C2: 0 | D2: 1 | E2: 2 | F2: 3 | G2: 4 | H2: 5 | I2: 6
A3: 2 | B3: 0 | C3: 0 | D3: 1 | E3: 2 | F3: 3 | G3: 4 | H3: 5 | I3: 6
A4: 3 | B4: 0 | C4: 0 | D4: 0 | E4: 1 | F4: 2 | G4: 3 | H4: 0 | I4: 0
A5: 4 | B5: 0 | C5: 0 | D5: 0 | E5: 1 | F5: 2 | G5: 3 | H5: 0 | I5: 0
A6: 5 | B6: 0 | C6: 0 | D6: 0 | E6: 0 | F6: 1 | G6: 2 | H6: 3 | I6: 4
A7: 6 | B7: 0 | C7: 0 | D7: 0 | E7: 0 | F7: 1 | G7: 2 | H7: 0 | I7: 0
A8: 7 | B8: 0 | C8: 0 | D8: 0 | E8: 0 | F8: 0 | G8: 1 | H8: 2 | I8: 3
A9: 8 | B9: 0 | C9: 1 | D9: 0 | E9: 0 | F9: 0 | G9: 1 | H9: 2 | I9: 3
A10: 9 | B10: 0 | C10: 1 | D10: 0 | E10: 0 | F10: 0 | G10: 0 | H10: 1 | I10: 2
A11: 10 | B11: 0 | C11: 1 | D11: 0 | E11: 0 | F11: 0 | G11: 0 | H11: 1 | I11: 2
A12: 11 | B12: 0 | C12: 1 | D12: 0 | E12: 0 | F12: 0 | G12: 0 | H12: 0 | I12: 1
A13: 12 | B13: 0 | C13: 1 | D13: 0 | E13: 0 | F13: 0 | G13: 0 | H13: 0 | I13: 1
... A249: 248 | B249: 0 | C249: 1 | D249: 0 | E249: 0 | F249: 0 | G249: 0 | H249: 0 | I249: 1

Sheet Sel_Test_RR
A1: Test_ID | B1: 0.1 | C1: 0.2 | D1: 0.3 | E1: 0.4 | F1: 0.5 | G1: 0.6 | H1: 0.7 | I1: 0.8
A2: 1 | B2: 0 | C2: 0 | D2: 0 | E2: 0 | F2: 0 | G2: 1 | H2: 1 | I2: 1
A3: 2 | B3: 0 | C3: 0 | D3: 0 | E3: 0 | F3: 1 | G3: 1 | H3: 1 | I3: 1
A4: 3 | B4: 0 | C4: 0 | D4: 0 | E4: 0 | F4: 0 | G4: 1 | H4: 1 | I4: 1
A5: 4 | B5: 0 | C5: 1 | D5: 1 | E5: 1 | F5: 1 | G5: 1 | H5: 1 | I5: 0
A6: 5 | B6: 1 | C6: 1 | D6: 0 | E6: 0 | F6: 0 | G6: 1 | H6: 1 | I6: 1
A7: 6 | B7: 0 | C7: 1 | D7: 1 | E7: 1 | F7: 1 | G7: 1 | H7: 1 | I7: 1
A8: 7 | B8: 0 | C8: 0 | D8: 1 | E8: 0 | F8: 1 | G8: 1 | H8: 1 | I8: 1
A9: 8 | B9: 0 | C9: 1 | D9: 1 | E9: 1 | F9: 1 | G9: 1 | H9: 1 | I9: 1
A10: 9 | B10: 0 | C10: 1 | D10: 1 | E10: 1 | F10: 1 | G10: 0 | H10: 1 | I10: 1
A11: 10 | B11: 0 | C11: 0 | D11: 0 | E11: 0 | F11: 0 | G11: 1 | H11: 1 | I11: 1
A12: 11 | B12: 0 | C12: 0 | D12: 1 | E12: 1 | F12: 1 | G12: 1 | H12: 1 | I12: 1
A13: 12 | B13: 1 | C13: 0 | D13: 0 | E13: 0 | F13: 0 | G13: 0 | H13: 0 | I13: 0
... A81: 80 | B81: 1 | C81: 1 | D81: 1 | E81: 1 | F81: 1 | G81: 1 | H81: 1 | I81: 0

Sheet Wait_Test_RR
A1: Test_ID | B1: 0.1 | C1: 0.2 | D1: 0.3 | E1: 0.4 | F1: 0.5 | G1: 0.6 | H1: 0.7 | I1: 0.8
A2: 1 | B2: 0 | C2: 1 | D2: 2 | E2: 3 | F2: 4 | G2: 5 | H2: 0 | I2: 0
A3: 2 | B3: 0 | C3: 1 | D3: 2 | E3: 3 | F3: 4 | G3: 0 | H3: 0 | I3: 0
A4: 3 | B4: 0 | C4: 1 | D4: 2 | E4: 3 | F4: 4 | G4: 5 | H4: 0 | I4: 0
A5: 4 | B5: 0 | C5: 1 | D5: 0 | E5: 0 | F5: 0 | G5: 0 | H5: 0 | I5: 0
A6: 5 | B6: 0 | C6: 0 | D6: 0 | E6: 1 | F6: 2 | G6: 3 | H6: 0 | I6: 0
A7: 6 | B7: 0 | C7: 1 | D7: 0 | E7: 0 | F7: 0 | G7: 0 | H7: 0 | I7: 0
A8: 7 | B8: 0 | C8: 1 | D8: 2 | E8: 0 | F8: 1 | G8: 0 | H8: 0 | I8: 0
A9: 8 | B9: 0 | C9: 1 | D9: 0 | E9: 0 | F9: 0 | G9: 0 | H9: 0 | I9: 0
A10: 9 | B10: 0 | C10: 1 | D10: 0 | E10: 0 | F10: 0 | G10: 0 | H10: 1 | I10: 0
A11: 10 | B11: 0 | C11: 1 | D11: 2 | E11: 3 | F11: 4 | G11: 5 | H11: 0 | I11: 0
A12: 11 | B12: 0 | C12: 1 | D12: 2 | E12: 0 | F12: 0 | G12: 0 | H12: 0 | I12: 0
A13: 12 | B13: 0 | C13: 0 | D13: 1 | E13: 2 | F13: 3 | G13: 4 | H13: 5 | I13: 6
... A81: 80 | B81: 0 | C81: 0 | D81: 0 | E81: 0 | F81: 0 | G81: 0 | H81: 0 | I81: 0

Sheet Sel_Req_WRR
A1: Req_ID | B1: 0.1 | C1: 0.2 | D1: 0.3 | E1: 0.4 | F1: 0.5 | G1: 0.6 | H1: 0.7 | I1: 0.8
A2: 1 | B2: 1 | C2: 0 | D2: 0 | E2: 0 | F2: 0 | G2: 0 | H2: 0 | I2: 0
A3: 2 | B3: 1 | C3: 0 | D3: 0 | E3: 0 | F3: 0 | G3: 0 | H3: 0 | I3: 0
A4: 3 | B4: 1 | C4: 1 | D4: 1 | E4: 1 | F4: 0 | G4: 1 | H4: 1 | I4: 1
A5: 4 | B5: 1 | C5: 1 | D5: 1 | E5: 1 | F5: 1 | G5: 1 | H5: 1 | I5: 1
A6: 5 | B6: 1 | C6: 1 | D6: 1 | E6: 1 | F6: 1 | G6: 1 | H6: 1 | I6: 0
A7: 6 | B7: 1 | C7: 1 | D7: 1 | E7: 1 | F7: 1 | G7: 1 | H7: 1 | I7: 1
A8: 7 | B8: 1 | C8: 1 | D8: 1 | E8: 1 | F8: 1 | G8: 1 | H8: 1 | I8: 1
A9: 8 | B9: 0 | C9: 1 | D9: 1 | E9: 1 | F9: 1 | G9: 1 | H9: 1 | I9: 1
A10: 9 | B10: 0 | C10: 1 | D10: 1 | E10: 1 | F10: 1 | G10: 1 | H10: 1 | I10: 1
A11: 10 | B11: 0 | C11: 1 | D11: 1 | E11: 1 | F11: 1 | G11: 1 | H11: 1 | I11: 1
A12: 11 | B12: 0 | C12: 1 | D12: 1 | E12: 1 | F12: 1 | G12: 1 | H12: 1 | I12: 1
A13: 12 | B13: 0 | C13: 1 | D13: 1 | E13: 1 | F13: 1 | G13: 1 | H13: 1 | I13: 1
... A249: 248 | B249: 0 | C249: 1 | D249: 1 | E249: 1 | F249: 1 | G249: 1 | H249: 1 | I249: 1

Sheet Wait_Req_WRR
A1: Req_ID | B1: 0.1 | C1: 0.2 | D1: 0.3 | E1: 0.4 | F1: 0.5 | G1: 0.6 | H1: 0.7 | I1: 0.8
A2: 1 | B2: 0 | C2: 0 | D2: 1 | E2: 2 | F2: 3 | G2: 4 | H2: 5 | I2: 6
A3: 2 | B3: 0 | C3: 0 | D3: 1 | E3: 2 | F3: 3 | G3: 4 | H3: 5 | I3: 6
A4: 3 | B4: 0 | C4: 0 | D4: 0 | E4: 0 | F4: 0 | G4: 1 | H4: 0 | I4: 0
A5: 4 | B5: 0 | C5: 0 | D5: 0 | E5: 0 | F5: 0 | G5: 0 | H5: 0 | I5: 0
A6: 5 | B6: 0 | C6: 0 | D6: 0 | E6: 0 | F6: 0 | G6: 0 | H6: 0 | I6: 0
A7: 6 | B7: 0 | C7: 0 | D7: 0 | E7: 0 | F7: 0 | G7: 0 | H7: 0 | I7: 0
A8: 7 | B8: 0 | C8: 0 | D8: 0 | E8: 0 | F8: 0 | G8: 0 | H8: 0 | I8: 0
A9: 8 | B9: 0 | C9: 1 | D9: 0 | E9: 0 | F9: 0 | G9: 0 | H9: 0 | I9: 0
A10: 9 | B10: 0 | C10: 1 | D10: 0 | E10: 0 | F10: 0 | G10: 0 | H10: 0 | I10: 0
A11: 10 | B11: 0 | C11: 1 | D11: 0 | E11: 0 | F11: 0 | G11: 0 | H11: 0 | I11: 0
A12: 11 | B12: 0 | C12: 1 | D12: 0 | E12: 0 | F12: 0 | G12: 0 | H12: 0 | I12: 0
A13: 12 | B13: 0 | C13: 1 | D13: 0 | E13: 0 | F13: 0 | G13: 0 | H13: 0 | I13: 0
... A249: 248 | B249: 0 | C249: 1 | D249: 0 | E249: 0 | F249: 0 | G249: 0 | H249: 0 | I249: 0

Sheet Sel_Test_WRR
A1: Test_ID | B1: 0.1 | C1: 0.2 | D1: 0.3 | E1: 0.4 | F1: 0.5 | G1: 0.6 | H1: 0.7 | I1: 0.8
A2: 1 | B2: 0 | C2: 0 | D2: 0 | E2: 1 | F2: 0 | G2: 1 | H2: 1 | I2: 1
A3: 2 | B3: 0 | C3: 0 | D3: 0 | E3: 0 | F3: 0 | G3: 1 | H3: 1 | I3: 1
A4: 3 | B4: 0 | C4: 0 | D4: 0 | E4: 0 | F4: 0 | G4: 1 | H4: 1 | I4: 1
A5: 4 | B5: 0 | C5: 1 | D5: 1 | E5: 1 | F5: 1 | G5: 1 | H5: 1 | I5: 1
A6: 5 | B6: 1 | C6: 1 | D6: 1 | E6: 1 | F6: 1 | G6: 1 | H6: 1 | I6: 1
A7: 6 | B7: 0 | C7: 1 | D7: 1 | E7: 1 | F7: 1 | G7: 1 | H7: 1 | I7: 1
A8: 7 | B8: 0 | C8: 0 | D8: 0 | E8: 1 | F8: 1 | G8: 1 | H8: 1 | I8: 1
A9: 8 | B9: 0 | C9: 1 | D9: 1 | E9: 1 | F9: 1 | G9: 0 | H9: 1 | I9: 1
A10: 9 | B10: 0 | C10: 1 | D10: 1 | E10: 1 | F10: 1 | G10: 0 | H10: 1 | I10: 1
A11: 10 | B11: 0 | C11: 0 | D11: 0 | E11: 0 | F11: 0 | G11: 1 | H11: 1 | I11: 1
A12: 11 | B12: 0 | C12: 0 | D12: 1 | E12: 1 | F12: 1 | G12: 1 | H12: 1 | I12: 1
A13: 12 | B13: 1 | C13: 0 | D13: 0 | E13: 0 | F13: 0 | G13: 0 | H13: 0 | I13: 0
... A81: 80 | B81: 1 | C81: 1 | D81: 1 | E81: 1 | F81: 1 | G81: 1 | H81: 1 | I81: 1

Sheet Wait_Test_WRR
A1: Test_ID | B1: 0.1 | C1: 0.2 | D1: 0.3 | E1: 0.4 | F1: 0.5 | G1: 0.6 | H1: 0.7 | I1: 0.8
A2: 1 | B2: 0 | C2: 1 | D2: 2 | E2: 3 | F2: 0 | G2: 1 | H2: 0 | I2: 0
A3: 2 | B3: 0 | C3: 1 | D3: 2 | E3: 3 | F3: 4 | G3: 5 | H3: 0 | I3: 0
A4: 3 | B4: 0 | C4: 1 | D4: 2 | E4: 3 | F4: 4 | G4: 5 | H4: 0 | I4: 0
A5: 4 | B5: 0 | C5: 1 | D5: 0 | E5: 0 | F5: 0 | G5: 0 | H5: 0 | I5: 0
A6: 5 | B6: 0 | C6: 0 | D6: 0 | E6: 0 | F6: 0 | G6: 0 | H6: 0 | I6: 0
A7: 6 | B7: 0 | C7: 1 | D7: 0 | E7: 0 | F7: 0 | G7: 0 | H7: 0 | I7: 0
A8: 7 | B8: 0 | C8: 1 | D8: 2 | E8: 3 | F8: 0 | G8: 0 | H8: 0 | I8: 0
A9: 8 | B9: 0 | C9: 1 | D9: 0 | E9: 0 | F9: 0 | G9: 0 | H9: 1 | I9: 0
A10: 9 | B10: 0 | C10: 1 | D10: 0 | E10: 0 | F10: 0 | G10: 0 | H10: 1 | I10: 0
A11: 10 | B11: 0 | C11: 1 | D11: 2 | E11: 3 | F11: 4 | G11: 5 | H11: 0 | I11: 0
A12: 11 | B12: 0 | C12: 1 | D12: 2 | E12: 0 | F12: 0 | G12: 0 | H12: 0 | I12: 0
A13: 12 | B13: 0 | C13: 0 | D13: 1 | E13: 2 | F13: 3 | G13: 4 | H13: 5 | I13: 6
... A81: 80 | B81: 0 | C81: 0 | D81: 0 | E81: 0 | F81: 0 | G81: 0 | H81: 0 | I81: 0
